{
    "title": "Jitendex.org [2024-06-19]",
    "author": "Stephen Kraus",
    "sequenced": true,
    "format": 3,
    "url": "https://jitendex.org",
    "description": "Jitendex is updated with new content every week. Visit Jitendex.org to get the latest version.\n\nYou can support Jitendex and my contributions to free language learning. Visit https://www.patreon.com/jitendex\n\nMany thanks to all of my supporters.\n\nSponsor Tier\n•epistularum\n\nPatron Tier\n•昭玄大统\n•Maciej Jur\n•Ian Strandberg",
    "attribution": "© CC BY-SA 4.0 Stephen Kraus 2023-2024\n\nYou are free to use, modify, and redistribute Jitendex files under the terms of the Creative Commons Attribution-ShareAlike License (V4.0)\n\nJitendex includes material from several copyrighted sources in compliance with the terms and conditions of those projects.\n\n• JMdict (EDICT, etc.) dictionary data is provided by the Electronic Dictionaries Research Group. Visit edrdg.org for more information.\n• Example sentences (Japanese and English) are provided by Tatoeba (https://tatoeba.org/). This data is licensed CC BY 2.0 FR.\n• Positional information for the furigana displayed in headwords is provided by the JmdictFurigana project. This data is distributed under a Creative Commons Attribution-ShareAlike License.",
    "revision": "4.7"
}